{"input_scale": 127.0, "conv1_output_scale": 2221.025418064295, "conv2_output_scale": 533.2203924303868, "fc1_output_scale": 297.85806821923927, "fc2_output_scale": 388.07897372365807, "fc3_output_scale": 366.71929725990833}